"","Chromosome","Position","Major","Minor","Frequency","N","LRT","high_WT/HE/HO","CHR_NUM","log10p","p","bonfer","BHfdr","adjpchrom","BHfdrchrom"
"1","CM046592.1",7719587,"C","A",0.023664,279,31.99351,"266/11/1","23",8.0989233035559,7.96299964645225e-09,0.00033546524910574,0.00033546524910574,9.07781959695556e-06,9.07781959695556e-06
"2","CM046592.1",25632119,"T","C",0.149811,279,26.524606,"200/67/6","23",6.87065941518485,1.34691622605638e-07,0.0056742886771303,0.00283714433856515,0.000153548449770427,7.67742248852134e-05
